<linker>
	<assembly fullname="Assembly-CSharp" ignoreIfMissing="1">
		<type fullname="Game">
			<method name="GameOver"/>
			<method name="GameOver"/>
			<method name="StartGame"/>
			<method name="StartGame"/>
			<method name="StartGame"/>
		</type>
		<type fullname="Shop">
			<method name="Buy"/>
			<method name="OpenInfo"/>
			<method name="OpenInfo"/>
			<method name="OpenInfo"/>
			<method name="OpenInfo"/>
			<method name="OpenInfo"/>
			<method name="OpenInfo"/>
			<method name="OpenInfo"/>
			<method name="OpenInfo"/>
			<method name="OpenInfo"/>
			<method name="OpenInfo"/>
			<method name="OpenInfo"/>
			<method name="OpenInfo"/>
		</type>
		<type fullname="SkillBase">
			<method name="Action"/>
			<method name="Action"/>
			<method name="Action"/>
			<method name="Buy"/>
			<method name="Buy"/>
			<method name="Buy"/>
		</type>
	</assembly>
	<assembly fullname="UnityEngine.CoreModule" ignoreIfMissing="1">
		<type fullname="UnityEngine.GameObject">
			<method name="SetActive"/>
			<method name="SetActive"/>
			<method name="SetActive"/>
			<method name="SetActive"/>
			<method name="SetActive"/>
			<method name="SetActive"/>
			<method name="SetActive"/>
			<method name="SetActive"/>
			<method name="SetActive"/>
			<method name="SetActive"/>
			<method name="SetActive"/>
			<method name="SetActive"/>
			<method name="SetActive"/>
			<method name="SetActive"/>
			<method name="SetActive"/>
			<method name="SetActive"/>
			<method name="SetActive"/>
			<method name="SetActive"/>
			<method name="SetActive"/>
			<method name="SetActive"/>
			<method name="SetActive"/>
		</type>
	</assembly>
</linker>
